{"IcoMoonType":"selection","icons":[{"icon":{"paths":["M621.668 653.668c-44.476 31.692-98.895 50.332-157.668 50.332-150.221 0-272-121.779-272-272s121.779-272 272-272c150.221 0 272 121.779 272 272 0 58.773-18.641 113.192-50.332 157.668l178.714 178.714c17.606 17.606 17.46 45.778-0.006 63.244l-0.75 0.75c-17.421 17.421-45.781 17.469-63.244 0.006l-178.714-178.714zM464 640c114.875 0 208-93.125 208-208s-93.125-208-208-208c-114.875 0-208 93.125-208 208s93.125 208 208 208v0z"],"attrs":[{}],"isMulticolor":false,"isMulticolor2":false,"tags":["search"],"grid":32},"attrs":[{}],"properties":{"order":1,"id":0,"prevSize":32,"code":59650,"name":"search"},"setIdx":0,"setId":4,"iconIdx":0}],"height":1024,"metadata":{"name":"icomoon"},"preferences":{"showGlyphs":true,"showQuickUse":true,"showQuickUse2":true,"showSVGs":true,"fontPref":{"prefix":"icon-","metadata":{"fontFamily":"icomoon"},"metrics":{"emSize":1024,"baseline":6.25,"whitespace":50},"embed":false},"imagePref":{"prefix":"icon-","png":true,"useClassSelector":true,"color":0,"bgColor":16777215,"classSelector":".icon","name":"icomoon"},"historySize":50,"showCodes":true,"gridSize":16}}